Date,EM
0.9906019812039624
0.9567352468038269,0.18779342723004694
0.9821352976039286,0.18779342723004694,0.3189792663476874
0.951090791070471,0.18779342723004694,0.3189792663476874,0.0
0.9736686140038947,0.18779342723004694,0.3189792663476874,0.0,0.17123287671232876
0.9200462845370135,0.09389671361502347,0.3189792663476874,0.0,0.17123287671232876,0.21998742928975487
0.7422459289363024,0.09389671361502347,0.3189792663476874,0.0,0.17123287671232876,0.21998742928975487,0.08183306055646482
0.8777128665368442,0.09389671361502347,0.3189792663476874,0.0,0.17123287671232876,0.18856065367693275,0.08183306055646482,0.0
0.9059351452036237,0.09389671361502347,0.3189792663476874,0.0,0.17123287671232876,0.21998742928975487,0.08183306055646482,0.0,0.13089005235602094
0.8974684616035898,0.18779342723004694,0.3189792663476874,0.0,0.17123287671232876,0.28284098051539913,0.12274959083469722,0.0639386189258312,0.13089005235602094,0.3194888178913738
0.7958682584031834,0.09389671361502347,0.3189792663476874,0.0,0.17123287671232876,0.28284098051539913,0.08183306055646482,0.0,0.13089005235602094,0.3194888178913738,0.3816793893129771
0.9002906894702678,0.09389671361502347,0.3189792663476874,0.0,0.17123287671232876,0.21998742928975487,0.08183306055646482,0.0,0.13089005235602094,0.3194888178913738,0.3816793893129771,0.3552397868561279
0.8494905878700646,0.09389671361502347,0.3189792663476874,0.0,0.17123287671232876,0.251414204902577,0.12274959083469722,0.1278772378516624,0.13089005235602094,0.3194888178913738,0.3816793893129771,0.5328596802841918,0.2023745277927685
0.8523128157367426,0.09389671361502347,0.4784688995215311,0.0,0.17123287671232876,0.18856065367693275,0.12274959083469722,0.1918158567774936,0.13089005235602094,0.3194888178913738,0.3816793893129771,0.5328596802841918,0.18888289260658392,0.11574074074074074
0.826912764936641,0.09389671361502347,0.3189792663476874,0.0,0.17123287671232876,0.251414204902577,0.12274959083469722,0.0639386189258312,0.13089005235602094,0.3194888178913738,0.3816793893129771,0.3552397868561279,0.18888289260658392,0.11574074074074074,0.5
0.7986904862698614,0.09389671361502347,0.3189792663476874,0.0,0.17123287671232876,0.18856065367693275,0.12274959083469722,0.0639386189258312,0.13089005235602094,0.3194888178913738,0.3816793893129771,0.3552397868561279,0.18888289260658392,0.11574074074074074,0.5,0.0
0.8551350436034205,0.09389671361502347,0.4784688995215311,0.0,0.17123287671232876,0.21998742928975487,0.12274959083469722,0.1278772378516624,0.13089005235602094,0.3194888178913738,0.3816793893129771,0.5328596802841918,0.2023745277927685,0.11574074074074074,0.5,0.0,0.0
0.829734992803319,0.09389671361502347,0.3189792663476874,0.0,0.3424657534246575,0.21998742928975487,0.12274959083469722,0.1278772378516624,0.13089005235602094,0.3194888178913738,0.3816793893129771,0.5328596802841918,0.2023745277927685,0.11574074074074074,0.5,0.0,0.0,0.10209290454313426
0.7196681060028787,0.09389671361502347,0.3189792663476874,0.0,0.17123287671232876,0.21998742928975487,0.12274959083469722,0.0639386189258312,0.13089005235602094,0.3194888178913738,0.3816793893129771,0.5328596802841918,0.17539125742039935,0.11574074074074074,0.5,0.0,0.0,0.05104645227156713,0.32102728731942215
0.764823751869726,0.09389671361502347,0.3189792663476874,0.0,0.17123287671232876,0.21998742928975487,0.12274959083469722,0.0639386189258312,0.13089005235602094,0.3194888178913738,0.3816793893129771,0.3552397868561279,0.17539125742039935,0.11574074074074074,0.375,0.0,0.0,0.05104645227156713,0.5350454788657036,0.07911392405063292
0.8071571698698953,0.09389671361502347,0.4784688995215311,0.0,0.17123287671232876,0.18856065367693275,0.12274959083469722,0.1918158567774936,0.13089005235602094,0.3194888178913738,0.3816793893129771,0.5328596802841918,0.18888289260658392,0.11574074074074074,0.5,0.0,0.0,0.10209290454313426,0.5350454788657036,0.0,0.0
0.7845793469364717,0.09389671361502347,0.3189792663476874,0.0,0.17123287671232876,0.21998742928975487,0.12274959083469722,0.0639386189258312,0.13089005235602094,0.3194888178913738,0.3816793893129771,0.3552397868561279,0.17539125742039935,0.11574074074074074,0.5,0.0,0.0,0.05104645227156713,0.48154093097913325,0.0,0.0,0.2684563758389262
0.7817571190697937,0.09389671361502347,0.3189792663476874,0.0,0.17123287671232876,0.21998742928975487,0.12274959083469722,0.0639386189258312,0.13089005235602094,0.3194888178913738,0.3816793893129771,0.3552397868561279,0.17539125742039935,0.11574074074074074,0.5,0.0,0.0,0.05104645227156713,0.42803638309256287,0.0,0.0,0.2684563758389262,0.0
0.8523128157367426,0.09389671361502347,0.3189792663476874,0.0,0.17123287671232876,0.21998742928975487,0.12274959083469722,0.1278772378516624,0.13089005235602094,0.3194888178913738,0.3816793893129771,0.5328596802841918,0.18888289260658392,0.11574074074074074,0.5,0.0,0.0,0.05104645227156713,0.48154093097913325,0.0,0.0,0.2684563758389262,0.0,0.5167958656330749
0.8015127141365394,0.09389671361502347,0.3189792663476874,0.0,0.17123287671232876,0.251414204902577,0.12274959083469722,0.0639386189258312,0.2617801047120419,0.3194888178913738,0.3816793893129771,0.3552397868561279,0.2023745277927685,0.11574074074074074,0.5,0.0,0.0,0.10209290454313426,0.588550026752274,0.0,0.0,0.2684563758389262,0.0,0.7751937984496124,0.21350931677018634
0.8325572206699969,0.09389671361502347,0.3189792663476874,0.0,0.17123287671232876,0.18856065367693275,0.08183306055646482,0.1278772378516624,0.13089005235602094,0.3194888178913738,0.3816793893129771,0.5328596802841918,0.2023745277927685,0.11574074074074074,0.5,0.0,0.0,0.05104645227156713,0.5350454788657036,0.0,0.0,0.2684563758389262,0.0,0.7751937984496124,0.19409937888198758,0.0
0.7394237010696244,0.09389671361502347,0.3189792663476874,0.0,0.17123287671232876,0.1571338780641106,0.12274959083469722,0.0639386189258312,0.2617801047120419,0.3194888178913738,0.3816793893129771,0.3552397868561279,0.17539125742039935,0.11574074074074074,0.5,0.0,0.0,0.05104645227156713,0.37453183520599254,0.0,0.0,0.2684563758389262,0.0,0.5167958656330749,0.1358695652173913,0.0,0.0
0.7168458781362007,0.09389671361502347,0.3189792663476874,0.0,0.17123287671232876,0.1571338780641106,0.12274959083469722,0.1278772378516624,0.13089005235602094,0.3194888178913738,0.3816793893129771,0.3552397868561279,0.17539125742039935,0.11574074074074074,0.5,0.0,0.0,0.05104645227156713,0.42803638309256287,0.0,0.0,0.2684563758389262,0.0,0.7751937984496124,0.17468944099378883,0.0,0.0,0.41899441340782123
0.8071571698698953,0.09389671361502347,0.4784688995215311,0.0,0.17123287671232876,0.18856065367693275,0.12274959083469722,0.1278772378516624,0.13089005235602094,0.3194888178913738,0.3816793893129771,0.5328596802841918,0.17539125742039935,0.11574074074074074,0.5,0.0,0.0,0.05104645227156713,0.48154093097913325,0.0,0.0,0.2684563758389262,0.0,0.7751937984496124,0.19409937888198758,0.0,0.0,0.41899441340782123,0.4716981132075472
0.8099793977365732,0.09389671361502347,0.3189792663476874,0.0,0.17123287671232876,0.18856065367693275,0.12274959083469722,0.1278772378516624,0.13089005235602094,0.3194888178913738,0.3816793893129771,0.5328596802841918,0.17539125742039935,0.11574074074074074,0.5,0.0,0.0,0.05104645227156713,0.48154093097913325,0.0,0.0,0.2684563758389262,0.0,0.7751937984496124,0.19409937888198758,0.0,0.0,0.41899441340782123,0.4716981132075472,0.16583747927031509
0.7140236502695227,0.09389671361502347,0.3189792663476874,0.0,0.3424657534246575,0.18856065367693275,0.12274959083469722,0.1278772378516624,0.13089005235602094,0.3194888178913738,0.3816793893129771,0.3552397868561279,0.18888289260658392,0.11574074074074074,0.5,0.0,0.0,0.05104645227156713,0.32102728731942215,0.0,0.0,0.40268456375838924,0.0,0.5167958656330749,0.1358695652173913,0.0,0.0,0.41899441340782123,0.4716981132075472,0.16583747927031509,0.05991611743559017
0.7253125617362346,0.09389671361502347,0.3189792663476874,0.0,0.17123287671232876,0.18856065367693275,0.12274959083469722,0.0639386189258312,0.13089005235602094,0.3194888178913738,0.3816793893129771,0.3552397868561279,0.16189962223421478,0.11574074074074074,0.5,0.0,0.0,0.05104645227156713,0.2675227394328518,0.0,0.0,0.2684563758389262,0.0,0.5167958656330749,0.1358695652173913,0.0,0.0,0.41899441340782123,0.4716981132075472,0.16583747927031509,0.05991611743559017,0.21367521367521367
0.7563570682696921,0.09389671361502347,0.3189792663476874,0.0,0.17123287671232876,0.18856065367693275,0.12274959083469722,0.1278772378516624,0.13089005235602094,0.3194888178913738,0.3816793893129771,0.3552397868561279,0.17539125742039935,0.11574074074074074,0.5,0.0,0.0,0.05104645227156713,0.37453183520599254,0.0,0.0,0.2684563758389262,0.0,0.5167958656330749,0.15527950310559005,0.0,0.0,0.5586592178770949,0.4716981132075472,0.16583747927031509,0.05991611743559017,0.21367521367521367,0.0
0.7676459797364039,0.09389671361502347,0.3189792663476874,0.0,0.17123287671232876,0.18856065367693275,0.12274959083469722,0.1278772378516624,0.13089005235602094,0.3194888178913738,0.3816793893129771,0.3552397868561279,0.17539125742039935,0.11574074074074074,0.5,0.0,0.0,0.05104645227156713,0.37453183520599254,0.0,0.0,0.2684563758389262,0.0,0.5167958656330749,0.15527950310559005,0.0,0.0,0.41899441340782123,0.4716981132075472,0.16583747927031509,0.05991611743559017,0.32051282051282054,0.0,0.3588516746411483
0.7874015748031497,0.09389671361502347,0.3189792663476874,0.0,0.17123287671232876,0.21998742928975487,0.12274959083469722,0.1278772378516624,0.13089005235602094,0.3194888178913738,0.3816793893129771,0.3552397868561279,0.18888289260658392,0.11574074074074074,0.5,0.0,0.0,0.05104645227156713,0.37453183520599254,0.0,0.0,0.2684563758389262,0.0,0.5167958656330749,0.17468944099378883,0.0,0.0,0.41899441340782123,0.4716981132075472,0.16583747927031509,0.05991611743559017,0.32051282051282054,0.0,0.3588516746411483,0.4
0.8071571698698953,0.09389671361502347,0.3189792663476874,0.0,0.17123287671232876,0.18856065367693275,0.12274959083469722,0.1278772378516624,0.13089005235602094,0.3194888178913738,0.3816793893129771,0.3552397868561279,0.17539125742039935,0.11574074074074074,0.5,0.0,0.0,0.05104645227156713,0.42803638309256287,0.0,0.0,0.2684563758389262,0.0,0.5167958656330749,0.17468944099378883,0.0,0.0,0.41899441340782123,0.4716981132075472,0.16583747927031509,0.05991611743559017,0.32051282051282054,0.0,0.3588516746411483,0.4,0.4694835680751174
0.8128016256032512,0.09389671361502347,0.3189792663476874,0.0,0.17123287671232876,0.18856065367693275,0.12274959083469722,0.1278772378516624,0.13089005235602094,0.3194888178913738,0.3816793893129771,0.3552397868561279,0.2023745277927685,0.11574074074074074,0.5,0.0,0.0,0.10209290454313426,0.5350454788657036,0.0,0.0,0.2684563758389262,0.0,0.5167958656330749,0.19409937888198758,0.0,0.0,0.41899441340782123,0.4716981132075472,0.16583747927031509,0.05991611743559017,0.32051282051282054,0.0,0.3588516746411483,0.4,0.4694835680751174,0.1884760366182014
0.7704682076030819,0.09389671361502347,0.3189792663476874,0.0,0.17123287671232876,0.1571338780641106,0.12274959083469722,0.1278772378516624,0.13089005235602094,0.3194888178913738,0.3816793893129771,0.3552397868561279,0.17539125742039935,0.11574074074074074,0.5,0.0,0.0,0.05104645227156713,0.42803638309256287,0.0,0.0,0.2684563758389262,0.0,0.5167958656330749,0.17468944099378883,0.0,0.0,0.41899441340782123,0.4716981132075472,0.16583747927031509,0.05991611743559017,0.32051282051282054,0.0,0.3588516746411483,0.4,0.4694835680751174,0.16155088852988692,0.0
0.8071571698698953,0.09389671361502347,0.3189792663476874,0.0,0.17123287671232876,0.18856065367693275,0.12274959083469722,0.1278772378516624,0.13089005235602094,0.3194888178913738,0.3816793893129771,0.3552397868561279,0.18888289260658392,0.11574074074074074,0.5,0.0,0.0,0.10209290454313426,0.42803638309256287,0.0,0.0,0.2684563758389262,0.0,0.5167958656330749,0.19409937888198758,0.0,0.0,0.41899441340782123,0.4716981132075472,0.16583747927031509,0.05991611743559017,0.32051282051282054,0.0,0.3588516746411483,0.4,0.4694835680751174,0.16155088852988692,0.0,0.40899795501022496
0.7422459289363024,0.18779342723004694,0.3189792663476874,0.0,0.17123287671232876,0.18856065367693275,0.12274959083469722,0.1278772378516624,0.13089005235602094,0.3194888178913738,0.3816793893129771,0.3552397868561279,0.18888289260658392,0.11574074074074074,0.5,0.0,0.0,0.05104645227156713,0.37453183520599254,0.15822784810126583,0.0,0.40268456375838924,0.0,0.5167958656330749,0.15527950310559005,0.0,0.0,0.5586592178770949,0.4716981132075472,0.16583747927031509,0.05991611743559017,0.21367521367521367,0.0,0.3588516746411483,0.4,0.4694835680751174,0.1884760366182014,0.0,0.40899795501022496,0.5813953488372093
0.7817571190697937,0.09389671361502347,0.3189792663476874,0.0,0.17123287671232876,0.1571338780641106,0.12274959083469722,0.1278772378516624,0.2617801047120419,0.3194888178913738,0.3816793893129771,0.3552397868561279,0.18888289260658392,0.11574074074074074,0.5,0.0,0.0,0.05104645227156713,0.42803638309256287,0.0,0.0,0.40268456375838924,0.0,0.5167958656330749,0.17468944099378883,0.0,0.0,0.41899441340782123,0.4716981132075472,0.16583747927031509,0.05991611743559017,0.42735042735042733,0.0,0.3588516746411483,0.4,0.4694835680751174,0.1884760366182014,0.186219739292365,0.40899795501022496,0.436046511627907,0.38809831824062097
0.7478903846696582,0.09389671361502347,0.3189792663476874,0.0,0.17123287671232876,0.1571338780641106,0.12274959083469722,0.1278772378516624,0.2617801047120419,0.3194888178913738,0.3816793893129771,0.3552397868561279,0.18888289260658392,0.11574074074074074,0.5,0.0,0.0,0.05104645227156713,0.48154093097913325,0.0,0.0,0.2684563758389262,0.0,0.5167958656330749,0.17468944099378883,0.0,0.0,0.41899441340782123,0.4716981132075472,0.16583747927031509,0.05991611743559017,0.42735042735042733,0.0,0.3588516746411483,0.4,0.4694835680751174,0.1884760366182014,0.186219739292365,0.6134969325153374,0.436046511627907,0.258732212160414,0.05500550055005501
0.7845793469364717,0.09389671361502347,0.3189792663476874,0.0,0.17123287671232876,0.1571338780641106,0.12274959083469722,0.1278772378516624,0.2617801047120419,0.3194888178913738,0.3816793893129771,0.3552397868561279,0.16189962223421478,0.11574074074074074,0.5,0.0,0.0,0.05104645227156713,0.48154093097913325,0.0,0.0,0.40268456375838924,0.0,0.5167958656330749,0.17468944099378883,0.0,0.0,0.41899441340782123,0.4716981132075472,0.16583747927031509,0.05991611743559017,0.42735042735042733,0.0,0.3588516746411483,0.4,0.4694835680751174,0.1884760366182014,0.186219739292365,0.6134969325153374,0.29069767441860467,0.38809831824062097,0.11001100110011001,0.18083182640144665
0.7478903846696582,0.09389671361502347,0.3189792663476874,0.0,0.17123287671232876,0.1571338780641106,0.12274959083469722,0.1278772378516624,0.2617801047120419,0.3194888178913738,0.3816793893129771,0.3552397868561279,0.17539125742039935,0.11574074074074074,0.5,0.0,0.0,0.05104645227156713,0.48154093097913325,0.0,0.0,0.40268456375838924,0.0,0.5167958656330749,0.17468944099378883,0.0,0.0,0.41899441340782123,0.4716981132075472,0.16583747927031509,0.05991611743559017,0.42735042735042733,0.0,0.3588516746411483,0.4,0.4694835680751174,0.16155088852988692,0.186219739292365,0.6134969325153374,0.436046511627907,0.38809831824062097,0.05500550055005501,0.18083182640144665,0.2695417789757412
0.6886235994694212,0.09389671361502347,0.3189792663476874,0.0,0.17123287671232876,0.1571338780641106,0.12274959083469722,0.0639386189258312,0.2617801047120419,0.3194888178913738,0.3816793893129771,0.3552397868561279,0.13491635186184567,0.11574074074074074,0.5,0.0,0.0,0.05104645227156713,0.42803638309256287,0.0,0.0,0.2684563758389262,0.0,0.5167958656330749,0.15527950310559005,0.0,0.0,0.41899441340782123,0.2358490566037736,0.22111663902708678,0.05991611743559017,0.32051282051282054,0.0,0.3588516746411483,0.4,0.4694835680751174,0.16155088852988692,0.186219739292365,0.6134969325153374,0.5813953488372093,0.517464424320828,0.05500550055005501,0.18083182640144665,0.2695417789757412,0.15015015015015015
0.697090283069455,0.09389671361502347,0.3189792663476874,0.0,0.17123287671232876,0.18856065367693275,0.12274959083469722,0.0639386189258312,0.2617801047120419,0.3194888178913738,0.3816793893129771,0.3552397868561279,0.1484079870480302,0.11574074074074074,0.375,0.0,0.0,0.05104645227156713,0.42803638309256287,0.07911392405063292,0.0,0.2684563758389262,0.0,0.5167958656330749,0.15527950310559005,0.0,0.0,0.41899441340782123,0.4716981132075472,0.22111663902708678,0.05991611743559017,0.42735042735042733,0.0,0.3588516746411483,0.4,0.4694835680751174,0.1884760366182014,0.186219739292365,0.6134969325153374,0.5813953488372093,0.6468305304010349,0.05500550055005501,0.18083182640144665,0.2695417789757412,0.15015015015015015,0.20964360587002095
0.637823497869218,0.09389671361502347,0.3189792663476874,0.0,0.17123287671232876,0.18856065367693275,0.12274959083469722,0.0639386189258312,0.2617801047120419,0.3194888178913738,0.3816793893129771,0.3552397868561279,0.13491635186184567,0.11574074074074074,0.5,0.0,0.0,0.05104645227156713,0.37453183520599254,0.0,0.0,0.2684563758389262,0.0,0.5167958656330749,0.15527950310559005,0.0,0.0,0.41899441340782123,0.2358490566037736,0.22111663902708678,0.05991611743559017,0.32051282051282054,0.0,0.3588516746411483,0.4,0.4694835680751174,0.16155088852988692,0.186219739292365,0.20449897750511248,0.436046511627907,0.517464424320828,0.05500550055005501,0.27124773960216997,0.2695417789757412,0.15015015015015015,0.20964360587002095,0.19193857965451055
0.7676459797364039,0.18779342723004694,0.3189792663476874,0.0,0.17123287671232876,0.18856065367693275,0.12274959083469722,0.1278772378516624,0.13089005235602094,0.3194888178913738,0.3816793893129771,0.3552397868561279,0.18888289260658392,0.11574074074074074,0.375,0.0,0.0,0.05104645227156713,0.42803638309256287,0.07911392405063292,0.0,0.40268456375838924,0.0,0.5167958656330749,0.1358695652173913,0.0,0.0,0.41899441340782123,0.4716981132075472,0.22111663902708678,0.05991611743559017,0.42735042735042733,0.0,0.3588516746411483,0.4,0.4694835680751174,0.1884760366182014,0.186219739292365,0.6134969325153374,0.436046511627907,0.517464424320828,0.11001100110011001,0.27124773960216997,0.2695417789757412,0.15015015015015015,0.20964360587002095,0.19193857965451055,0.8403361344537815
0.7817571190697937,0.09389671361502347,0.3189792663476874,0.0,0.3424657534246575,0.21998742928975487,0.12274959083469722,0.1278772378516624,0.13089005235602094,0.3194888178913738,0.3816793893129771,0.5328596802841918,0.18888289260658392,0.11574074074074074,0.5,0.0,0.0,0.05104645227156713,0.37453183520599254,0.0,0.0,0.2684563758389262,0.0,0.5167958656330749,0.17468944099378883,0.0,0.0,0.41899441340782123,0.4716981132075472,0.22111663902708678,0.05991611743559017,0.42735042735042733,0.0,0.3588516746411483,0.4,0.4694835680751174,0.1884760366182014,0.186219739292365,0.6134969325153374,0.436046511627907,0.517464424320828,0.11001100110011001,0.18083182640144665,0.2695417789757412,0.15015015015015015,0.20964360587002095,0.19193857965451055,0.8403361344537815,0.3715170278637771
0.8071571698698953,0.09389671361502347,0.3189792663476874,0.0,0.3424657534246575,0.21998742928975487,0.12274959083469722,0.1278772378516624,0.13089005235602094,0.3194888178913738,0.3816793893129771,0.5328596802841918,0.2023745277927685,0.11574074074074074,0.375,0.0,0.0,0.05104645227156713,0.32102728731942215,0.0,0.0,0.40268456375838924,0.0,0.5167958656330749,0.19409937888198758,0.0,0.0,0.41899441340782123,0.4716981132075472,0.22111663902708678,0.05991611743559017,0.42735042735042733,0.0,0.3588516746411483,0.4,0.4694835680751174,0.16155088852988692,0.186219739292365,0.8179959100204499,0.436046511627907,0.517464424320828,0.11001100110011001,0.18083182640144665,0.2695417789757412,0.15015015015015015,0.20964360587002095,0.19193857965451055,0.8403361344537815,0.3715170278637771,0.0
0.8015127141365394,0.18779342723004694,0.3189792663476874,0.0,0.3424657534246575,0.21998742928975487,0.12274959083469722,0.1278772378516624,0.13089005235602094,0.3194888178913738,0.3816793893129771,0.3552397868561279,0.17539125742039935,0.11574074074074074,0.5,0.0,0.0,0.05104645227156713,0.42803638309256287,0.07911392405063292,0.0,0.40268456375838924,0.0,0.5167958656330749,0.17468944099378883,0.0,0.0,0.41899441340782123,0.4716981132075472,0.22111663902708678,0.05991611743559017,0.42735042735042733,0.0,0.3588516746411483,0.4,0.4694835680751174,0.1884760366182014,0.186219739292365,0.8179959100204499,0.436046511627907,0.517464424320828,0.11001100110011001,0.27124773960216997,0.2695417789757412,0.15015015015015015,0.20964360587002095,0.19193857965451055,0.8403361344537815,0.3715170278637771,0.0,0.5970149253731343
0.824090537069963,0.18779342723004694,0.3189792663476874,0.0,0.3424657534246575,0.18856065367693275,0.12274959083469722,0.1278772378516624,0.13089005235602094,0.3194888178913738,0.3816793893129771,0.5328596802841918,0.2023745277927685,0.11574074074074074,0.5,0.0,0.0,0.05104645227156713,0.48154093097913325,0.07911392405063292,0.0,0.40268456375838924,0.0,0.5167958656330749,0.19409937888198758,0.0,0.0,0.41899441340782123,0.4716981132075472,0.22111663902708678,0.05991611743559017,0.42735042735042733,0.0,0.4784688995215311,0.4,0.4694835680751174,0.2154011847065159,0.186219739292365,0.8179959100204499,0.436046511627907,0.517464424320828,0.11001100110011001,0.27124773960216997,0.2695417789757412,0.15015015015015015,0.20964360587002095,0.19193857965451055,0.8403361344537815,0.3715170278637771,0.0,0.5970149253731343,1.3636363636363635
0.8099793977365732,0.09389671361502347,0.3189792663476874,0.0,0.3424657534246575,0.21998742928975487,0.12274959083469722,0.1278772378516624,0.13089005235602094,0.3194888178913738,0.3816793893129771,0.3552397868561279,0.18888289260658392,0.11574074074074074,0.5,0.0,0.0,0.05104645227156713,0.42803638309256287,0.0,0.0,0.40268456375838924,0.0,0.5167958656330749,0.17468944099378883,0.0,0.0,0.41899441340782123,0.4716981132075472,0.22111663902708678,0.05991611743559017,0.42735042735042733,0.0,0.3588516746411483,0.4,0.4694835680751174,0.16155088852988692,0.186219739292365,0.8179959100204499,0.436046511627907,0.517464424320828,0.11001100110011001,0.27124773960216997,0.2695417789757412,0.15015015015015015,0.20964360587002095,0.19193857965451055,0.8403361344537815,0.3715170278637771,0.0,0.5970149253731343,1.3636363636363635,1.342281879194631
0.8099793977365732,0.09389671361502347,0.3189792663476874,0.0,0.3424657534246575,0.21998742928975487,0.12274959083469722,0.1278772378516624,0.13089005235602094,0.3194888178913738,0.3816793893129771,0.3552397868561279,0.18888289260658392,0.11574074074074074,0.5,0.0,0.0,0.05104645227156713,0.42803638309256287,0.0,0.0,0.40268456375838924,0.0,0.5167958656330749,0.17468944099378883,0.0,0.0,0.41899441340782123,0.4716981132075472,0.22111663902708678,0.05991611743559017,0.42735042735042733,0.0,0.3588516746411483,0.4,0.4694835680751174,0.16155088852988692,0.186219739292365,0.8179959100204499,0.436046511627907,0.517464424320828,0.11001100110011001,0.27124773960216997,0.2695417789757412,0.15015015015015015,0.20964360587002095,0.19193857965451055,0.8403361344537815,0.3715170278637771,0.0,0.5970149253731343,1.3636363636363635,1.342281879194631
